,heur,run,N,best_x,best_y,neval
0,GO_8,0,8,[  3.64936526   2.29705773  27.         126.           8.        ],-0.5124507866125024,inf
