,heur,run,N,best_x,best_y,neval
0,GO_4,0,4,[ 3.81097309  3.08212996 21.         93.          6.        ],-0.468009248607649,inf
