,heur,run,N,best_x,best_y,neval
0,GO_2,0,2,[ 2.71990254  3.67495758 25.         72.         13.        ],-0.46890937386730813,inf
