,heur,run,N,best_x,best_y,neval
0,GO_2,0,2,[  2.19091121   2.59812034  27.         104.          13.        ],-0.4670135394243832,inf
